{
    "variants": {
        "": [
            { "model": "block/dirt" },
            { "model": "block/dirt", "y": 0 },
            { "model": "block/dirt", "y": 0 },
            { "model": "block/dirt", "y": 0 },
			{ "model": "block/dirt_1" },
            { "model": "block/dirt_1", "y": 0 },
            { "model": "block/dirt_1", "y": 0 },
            { "model": "block/dirt_1", "y": 0 },
			{ "model": "block/dirt_2" },
            { "model": "block/dirt_2", "y": 0 },
            { "model": "block/dirt_2", "y": 0 },
            { "model": "block/dirt_2", "y": 0 },
			{ "model": "block/dirt_3" },
            { "model": "block/dirt_3", "y": 0 },
            { "model": "block/dirt_3", "y": 0 },
            { "model": "block/dirt_3", "y": 0 }
        ]
    }
}
