{
    "variants": {
        "": [
            { "model": "block/gravel" },
            { "model": "block/gravel", "y": 0 },
            { "model": "block/gravel", "y": 0 },
            { "model": "block/gravel", "y": 0 },
			{ "model": "block/gravel_1" },
            { "model": "block/gravel_1", "y": 0 },
            { "model": "block/gravel_1", "y": 0 },
            { "model": "block/gravel_1", "y": 0 },
			{ "model": "block/gravel_2" },
            { "model": "block/gravel_2", "y": 0 },
            { "model": "block/gravel_2", "y": 0 },
            { "model": "block/gravel_2", "y": 0 }
        ]
    }
}
