{
    "variants": {
        "": [
            { "model": "block/red_sand" },
            { "model": "block/red_sand", "y": 0 },
            { "model": "block/red_sand", "y": 0 },
            { "model": "block/red_sand", "y": 0 },
			{ "model": "block/red_sand_1" },
            { "model": "block/red_sand_1", "y": 0 },
            { "model": "block/red_sand_1", "y": 0 },
            { "model": "block/red_sand_1", "y": 0 },
            { "model": "block/red_sand_2" },
            { "model": "block/red_sand_2", "y": 0 },
            { "model": "block/red_sand_2", "y": 0 },
            { "model": "block/red_sand_2", "y": 0 }
        ]
    }
}
