{
    "variants": {
        "": [
            { "model": "block/sand" },
            { "model": "block/sand", "y": 0 },
            { "model": "block/sand", "y": 0 },
            { "model": "block/sand", "y": 0 },
			{ "model": "block/sand_1" },
            { "model": "block/sand_1", "y": 0 },
            { "model": "block/sand_1", "y": 0 },
            { "model": "block/sand_1", "y": 0 },
            { "model": "block/sand_2" },
            { "model": "block/sand_2", "y": 0 },
            { "model": "block/sand_2", "y": 0 },
            { "model": "block/sand_2", "y": 0 }
        ]
    }
}
