{	"credit": "Made by Nitgo",
	"parent": "block/block",
	"textures": {
		"particle": "block/spore_blossom",
		"flower": "block/spore_blossom",
		"base": "block/spore_blossom_base"
	},
	"elements": [
		{
			"from": [0, 1.99224, -7.34205],
			"to": [16, 1.99224, 8.65795],
			"shade": false,
			"rotation": {"angle": 22.5, "axis": "x", "origin": [8, 3.28068, 8]},
			"faces": {
				"up": {"uv": [0, 16, 16, 0], "rotation": 180, "texture": "#flower"},
				"down": {"uv": [0, 0, 16, 16], "rotation": 180, "texture": "#flower"}
			}
		},
		{
			"from": [0, 1.99224, 7.34205],
			"to": [16, 1.99224, 23.34205],
			"shade": false,
			"rotation": {"angle": -22.5, "axis": "x", "origin": [8, 3.28068, 8]},
			"faces": {
				"up": {"uv": [16, 0, 0, 16], "rotation": 180, "texture": "#flower"},
				"down": {"uv": [16, 16, 0, 0], "rotation": 180, "texture": "#flower"}
			}
		},
		{
			"from": [7.34205, 1.99224, 0],
			"to": [23.34205, 1.99224, 16],
			"shade": false,
			"rotation": {"angle": 22.5, "axis": "z", "origin": [8, 3.28068, 8]},
			"faces": {
				"up": {"uv": [0, 16, 16, 0], "rotation": 270, "texture": "#flower"},
				"down": {"uv": [0, 0, 16, 16], "rotation": 90, "texture": "#flower"}
			}
		},
		{
			"from": [-7.34205, 1.99224, 0],
			"to": [8.65795, 1.99224, 16],
			"shade": false,
			"rotation": {"angle": -22.5, "axis": "z", "origin": [8, 3.28068, 8]},
			"faces": {
				"up": {"uv": [0, 16, 16, 0], "rotation": 90, "texture": "#flower"},
				"down": {"uv": [0, 0, 16, 16], "rotation": 270, "texture": "#flower"}
			}
		},
		{
			"from": [1, 1.66137, 1],
			"to": [15, 1.66137, 15],
			"shade": false,
			"rotation": {"angle": 0, "axis": "z", "origin": [8, 3.28068, 8]},
			"faces": {
				"up": {"uv": [1, 1, 15, 15], "rotation": 180, "texture": "#base"},
				"down": {"uv": [1, 1, 15, 15], "rotation": 180, "texture": "#base"}
			}
		}
	],
	"groups": [
		{
			"name": "group",
			"origin": [8, 8, 8],
			"color": 0,
			"children": [0, 1, 2, 3, 4]
		}
	]
}