{
	"credit": "Made by Nitgo",
	"parent": "minecraft:block/block",
	"textures": {
		"3": "block/glass",
		"4": "block/black_halo",
		"particle": "block/glass",
		"glass_top": "block/beacon_top_glass",
		"obsidian": "block/beacon_base",
		"beacon": "block/beacon"
	},
	"elements": [
		{
			"name": "Glass shell",
			"from": [15.999, 15.999, 15.999],
			"to": [0.001, 0.001, 0.001],
			"rotation": {"angle": 0, "axis": "y", "origin": [16, 16, 16]},
			"faces": {
				"north": {"uv": [0, 16, 16, 0], "texture": "#3"},
				"east": {"uv": [0, 16, 16, 0], "texture": "#3"},
				"south": {"uv": [0, 16, 16, 0], "texture": "#3"},
				"west": {"uv": [0, 16, 16, 0], "texture": "#3"},
				"up": {"uv": [0, 0, 16, 16], "texture": "#glass_top"},
				"down": {"uv": [0, 0, 16, 16], "texture": "#glass_top"}
			}
		},
		{
			"name": "Obsidian base",
			"from": [2, 0.1, 2],
			"to": [14, 3.1, 14],
			"rotation": {"angle": 0, "axis": "y", "origin": [-2, 0, -2]},
			"faces": {
				"north": {"uv": [0, 13, 8, 16], "texture": "#obsidian"},
				"east": {"uv": [0, 13, 8, 16], "texture": "#obsidian"},
				"south": {"uv": [0, 13, 8, 16], "texture": "#obsidian"},
				"west": {"uv": [0, 13, 8, 16], "texture": "#obsidian"},
				"up": {"uv": [0, 0, 8, 13], "texture": "#obsidian"},
				"down": {"uv": [8, 0, 16, 12.66667], "texture": "#obsidian"}
			}
		},
		{
			"name": "Inner beacon texture",
			"from": [3.5, 4.5, 3.5],
			"to": [12.5, 13.5, 12.5],
			"rotation": {"angle": 45, "axis": "y", "origin": [8, 9, 8]},
			"faces": {
				"north": {"uv": [3, 3, 13, 13], "texture": "#beacon"},
				"east": {"uv": [3, 3, 13, 13], "texture": "#beacon"},
				"south": {"uv": [3, 3, 13, 13], "texture": "#beacon"},
				"west": {"uv": [3, 3, 13, 13], "texture": "#beacon"},
				"up": {"uv": [3, 3, 13, 13], "texture": "#beacon"},
				"down": {"uv": [3, 3, 13, 13], "texture": "#beacon"}
			}
		},
		{
			"name": "Inner beacon texture halo",
			"from": [13, 14, 13],
			"to": [3, 4, 3],
			"rotation": {"angle": 45, "axis": "y", "origin": [8, 9, 8]},
			"faces": {
				"north": {"uv": [3, 3, 13, 13], "texture": "#4"},
				"east": {"uv": [3, 3, 13, 13], "texture": "#4"},
				"south": {"uv": [3, 3, 13, 13], "texture": "#4"},
				"west": {"uv": [3, 3, 13, 13], "texture": "#4"},
				"up": {"uv": [3, 3, 13, 13], "texture": "#4"},
				"down": {"uv": [3, 3, 13, 13], "texture": "#4"}
			}
		}
	]
}