{
	"credit": "Made by Nitgo",
	"parent": "minecraft:block/orientable",
	"textures": {
		"6": "block/dropper_front_closed",
		"8": "block/dropper_bottom_empty",
		"9": "block/dropper_front_vertical",
		"particle": "block/dropper_front_closed"
	},
	"elements": [
		{
			"from": [0, 0, 0],
			"to": [16, 16, 16],
			"faces": {
				"north": {"uv": [0, 0, 16, 16], "texture": "#6"},
				"east": {"uv": [0, 0, 16, 16], "texture": "#6"},
				"south": {"uv": [0, 0, 16, 16], "texture": "#6"},
				"west": {"uv": [0, 0, 16, 16], "texture": "#6"},
				"up": {"uv": [0, 0, 16, 16], "rotation": 180, "texture": "#9"},
				"down": {"uv": [0, 0, 16, 16], "texture": "#8"}
			}
		}
	]
}