{
	"credit": "Made by Nitgo",
	"parent": "minecraft:block/orientable",
	"textures": {
		"front": "block/dropper_front",
		"left": "block/dropper_left",
		"right": "block/dropper_right",
		"top": "block/dropper_top",
		"back": "block/dropper_back",
		"bottom": "block/dropper_bottom"
	},
	"elements": [
		{
			"from": [0, 0, 0],
			"to": [16, 16, 16],
			"faces": {
				"north": {"uv": [0, 0, 16, 16], "texture": "#front"},
				"east": {"uv": [0, 0, 16, 16], "texture": "#left"},
				"south": {"uv": [0, 0, 16, 16], "texture": "#back"},
				"west": {"uv": [0, 0, 16, 16], "texture": "#right"},
				"up": {"uv": [0, 0, 16, 16], "texture": "#top"},
				"down": {"uv": [0, 0, 16, 16], "texture": "#bottom"}
			}
		}
	]
}