{
	"credit": "Made by Nitgo",
	"parent": "fire_floor0.json",
	"texture_size": [32, 32],
	"textures": {
		"fire": "minecraft:block/fire_1",
		"particle": "minecraft:block/fire_1"
	},
	"elements": [
		{
			"from": [2, 0, 2],
			"to": [14, 12, 14],
			"rotation": {"angle": 45, "axis": "y", "origin": [8, 8, 8]},
			"faces": {
				"north": {"uv": [0, 0, 16, 16], "texture": "#fire"},
				"east": {"uv": [0, 0, 16, 16], "texture": "#fire"},
				"south": {"uv": [0, 0, 16, 16], "texture": "#fire"},
				"west": {"uv": [0, 0, 16, 16], "texture": "#fire"},
				"up": {"uv": [0, 0, 0.5, 0.5], "texture": "#fire"},
				"down": {"uv": [0, 0, 0.5, 0.5], "texture": "#fire"}
			}
		}
	]
}