{
	"credit": "Made by Nitgo",
	"parent": "loom.json",
	"texture_size": [32, 32],
	"textures": {
		"0": "block/loom_side",
		"1": "block/loom_back",
		"2": "block/loom_front",
		"3": "block/loom_top",
		"4": "block/loom_bottom",
		"5": "block/loom_other_side",
		"particle": "block/loom_side"
	},
	"elements": [
		{
			"from": [0, 0, 0],
			"to": [16, 16, 16],
			"faces": {
				"north": {"uv": [0, 0, 16, 16], "texture": "#2"},
				"east": {"uv": [0, 0, 16, 16], "texture": "#0"},
				"south": {"uv": [0, 0, 16, 16], "texture": "#1"},
				"west": {"uv": [0, 0, 16, 16], "texture": "#5"},
				"up": {"uv": [0, 0, 16, 16], "texture": "#3"},
				"down": {"uv": [0, 0, 16, 16], "texture": "#4"}
			}
		}
	]
}